<?xml version="1.0" encoding="UTF-8" standalone="yes"?>
<dossiers>

  <ficheDeSoins>
    <date>2006-01-06</date>
    <medecin>
        <nom>Bono</nom>
        <prenom>Jean</prenom>
        <specialite>ORL</specialite>
    </medecin>
    <patient>
        <nom>Track</nom>
        <prenom>Pat</prenom>
    </patient>
    <acte>
        <code>CS</code>
        <coef>1</coef>
    </acte>
    <acte>
        <code>ORT</code>
        <coef>50</coef>
    </acte>
    <acte>
        <code>PRO</code>
        <coef>150</coef>
    </acte>
  </ficheDeSoins>
  
  <ficheDeSoins>
    <date>2005-10-23</date>
    <medecin>
        <nom>Deblouze</nom>
        <prenom>Agathe</prenom>
        <specialite>Cardiologue</specialite>
    </medecin>
    <patient>
        <nom>Bole</nom>
        <prenom>Pat</prenom>
    </patient>
    <acte>
        <code>CSC</code>
        <coef>1</coef>
    </acte>
    <acte>
        <code>KC</code>
        <coef>120</coef>
    </acte>
  </ficheDeSoins>

  <ficheDeSoins>
    <date>2006-01-03</date>
    <medecin>
        <nom>Deblouze</nom>
        <prenom>Agathe</prenom>
        <specialite>Cardiologue</specialite>
    </medecin>
    <patient>
        <nom>Bole</nom>
        <prenom>Maggy</prenom>
    </patient>
    <acte>
        <code>CSC</code>
        <coef>2</coef>
    </acte>
  </ficheDeSoins>
  
  <ficheDeSoins>
    <date>2005-11-13</date>
    <medecin>
        <nom>Heget</nom>
        <prenom>Yves</prenom>
        <specialite>Gynecologie</specialite>
    </medecin>
    <patient>
        <nom>Bole</nom>
        <prenom>Maggy</prenom>
    </patient>
    <acte>
        <code>KE</code>
        <coef>1</coef>
    </acte>
  </ficheDeSoins>

  <ficheDeSoins>
    <date>2005-08-31</date>
    <medecin>
        <nom>Covert</nom>
        <prenom>Harry</prenom>
        <specialite>ORL</specialite>
    </medecin>
    <patient>
        <nom>Epi</nom>
        <prenom>Fanie</prenom>
    </patient>
    <acte>
        <code>CS</code>
        <coef>1</coef>
    </acte>
    <acte>
        <code>KFA</code>
        <coef>72</coef>
    </acte>
  </ficheDeSoins>
    
  <ficheDeSoins>
    <date>2005-08-31</date>
    <medecin>
        <nom>Foupasune</nom>
        <prenom>Jean</prenom>
        <specialite>ORL</specialite>
    </medecin>
    <patient>
        <nom>Henfayitte</nom>
        <prenom>Melusine</prenom>
    </patient>
    <acte>
        <code>CS</code>
        <coef>1</coef>
    </acte>
    <acte>
        <code>KFA</code>
        <coef>72</coef>
    </acte>
    <acte>
        <code>K</code>
        <coef>1000</coef>
    </acte>
    <acte>
        <code>KE</code>
        <coef>60</coef>
    </acte>
    <acte>
        <code>ORT</code>
        <coef>85</coef>
    </acte>
    <acte>
        <code>PRO</code>
        <coef>850</coef>
    </acte>
  </ficheDeSoins>
  
</dossiers>
